Indicators,Year ,Month,Value
Business Expectations of Nebraska Business,2001,1,57.15
Business Expectations of Nebraska Business,2001,2,56.5
Business Expectations of Nebraska Business,2001,3,56.34
Business Expectations of Nebraska Business,2001,4,56.17
Business Expectations of Nebraska Business,2001,5,56.69
Business Expectations of Nebraska Business,2001,6,55
Business Expectations of Nebraska Business,2001,7,56.67
Business Expectations of Nebraska Business,2001,8,59
Business Expectations of Nebraska Business,2001,9,53.48
Business Expectations of Nebraska Business,2001,10,51.64
Business Expectations of Nebraska Business,2001,11,54.65
Business Expectations of Nebraska Business,2001,12,55.02
Business Expectations of Nebraska Business,2002,1,57.52
Business Expectations of Nebraska Business,2002,2,56.21
Business Expectations of Nebraska Business,2002,3,57.37
Business Expectations of Nebraska Business,2002,4,58.2
Business Expectations of Nebraska Business,2002,5,59.21
Business Expectations of Nebraska Business,2002,6,58.02
Business Expectations of Nebraska Business,2002,7,56.69
Business Expectations of Nebraska Business,2002,8,57.85
Business Expectations of Nebraska Business,2002,9,55.87
Business Expectations of Nebraska Business,2002,10,56.35
Business Expectations of Nebraska Business,2002,11,55.85
Business Expectations of Nebraska Business,2002,12,56.51
Business Expectations of Nebraska Business,2003,1,56.03
Business Expectations of Nebraska Business,2003,2,54.18
Business Expectations of Nebraska Business,2003,3,51.01
Business Expectations of Nebraska Business,2003,4,55.86
Business Expectations of Nebraska Business,2003,5,55.69
Business Expectations of Nebraska Business,2003,6,57.37
Business Expectations of Nebraska Business,2003,7,57.35
Business Expectations of Nebraska Business,2003,8,59.54
Business Expectations of Nebraska Business,2003,9,56.86
Business Expectations of Nebraska Business,2003,10,59.04
Business Expectations of Nebraska Business,2003,11,59.21
Business Expectations of Nebraska Business,2003,12,62.54
Business Expectations of Nebraska Business,2004,1,61.88
Business Expectations of Nebraska Business,2004,2,58.87
Business Expectations of Nebraska Business,2004,3,59.21
Business Expectations of Nebraska Business,2004,4,60.04
Business Expectations of Nebraska Business,2004,5,59.71
Business Expectations of Nebraska Business,2004,6,58.04
Business Expectations of Nebraska Business,2004,7,61.21
Business Expectations of Nebraska Business,2004,8,60.51
Business Expectations of Nebraska Business,2004,9,58.52
Business Expectations of Nebraska Business,2004,10,58.68
Business Expectations of Nebraska Business,2004,11,62.21
Business Expectations of Nebraska Business,2004,12,61.54
Business Expectations of Nebraska Business,2005,1,60.21
Business Expectations of Nebraska Business,2005,2,60.71
Business Expectations of Nebraska Business,2005,3,57.71
Business Expectations of Nebraska Business,2005,4,57.53
Business Expectations of Nebraska Business,2005,5,59.19
Business Expectations of Nebraska Business,2005,6,57.51
Business Expectations of Nebraska Business,2005,7,58.69
Business Expectations of Nebraska Business,2005,8,60.02
Business Expectations of Nebraska Business,2005,9,58.5
Business Expectations of Nebraska Business,2005,10,62.05
Business Expectations of Nebraska Business,2005,11,58.19
Business Expectations of Nebraska Business,2005,12,58.51
Business Expectations of Nebraska Business,2006,1,59.68
Business Expectations of Nebraska Business,2006,2,60.03
Business Expectations of Nebraska Business,2006,3,55.01
Business Expectations of Nebraska Business,2006,4,58.85
Business Expectations of Nebraska Business,2006,5,58.01
Business Expectations of Nebraska Business,2006,6,55.18
Business Expectations of Nebraska Business,2006,7,58.01
Business Expectations of Nebraska Business,2006,8,57.32
Business Expectations of Nebraska Business,2006,9,58.5
Business Expectations of Nebraska Business,2006,10,58.17
Business Expectations of Nebraska Business,2006,11,59.84
Business Expectations of Nebraska Business,2006,12,56.35
Business Expectations of Nebraska Business,2007,1,59.35
Business Expectations of Nebraska Business,2007,2,57.18
Business Expectations of Nebraska Business,2007,3,56.34
Business Expectations of Nebraska Business,2007,4,56.67
Business Expectations of Nebraska Business,2007,5,57.01
Business Expectations of Nebraska Business,2007,6,55.83
Business Expectations of Nebraska Business,2007,7,56.67
Business Expectations of Nebraska Business,2007,8,57.16
Business Expectations of Nebraska Business,2007,9,57
Business Expectations of Nebraska Business,2007,10,55.84
Business Expectations of Nebraska Business,2007,11,54.99
Business Expectations of Nebraska Business,2007,12,54.65
Business Expectations of Nebraska Business,2008,1,53.65
Business Expectations of Nebraska Business,2008,2,53.64
Business Expectations of Nebraska Business,2008,3,50.49
Business Expectations of Nebraska Business,2008,4,51.15
Business Expectations of Nebraska Business,2008,5,48.8
Business Expectations of Nebraska Business,2008,6,49.79
Business Expectations of Nebraska Business,2008,7,50.13
Business Expectations of Nebraska Business,2008,8,51.96
Business Expectations of Nebraska Business,2008,9,51.98
Business Expectations of Nebraska Business,2008,10,47.29
Business Expectations of Nebraska Business,2008,11,46.31
Business Expectations of Nebraska Business,2008,12,44.97
Business Expectations of Nebraska Business,2009,1,44.63
Business Expectations of Nebraska Business,2009,2,44.1
Business Expectations of Nebraska Business,2009,3,41.45
Business Expectations of Nebraska Business,2009,4,46.49
Business Expectations of Nebraska Business,2009,5,47.5
Business Expectations of Nebraska Business,2009,6,47.98
Business Expectations of Nebraska Business,2009,7,47.15
Business Expectations of Nebraska Business,2009,8,49.15
Business Expectations of Nebraska Business,2009,9,47.66
Business Expectations of Nebraska Business,2009,10,48.99
Business Expectations of Nebraska Business,2009,11,48.67
Business Expectations of Nebraska Business,2009,12,49.17
Business Expectations of Nebraska Business,2010,1,50.18
Business Expectations of Nebraska Business,2010,2,49.67
Business Expectations of Nebraska Business,2010,3,48.83
Business Expectations of Nebraska Business,2010,4,50.68
Business Expectations of Nebraska Business,2010,5,51.18
Business Expectations of Nebraska Business,2010,6,49.49
Business Expectations of Nebraska Business,2010,7,49.99
Business Expectations of Nebraska Business,2010,8,50.33
Business Expectations of Nebraska Business,2010,9,48.5
Business Expectations of Nebraska Business,2010,10,50.5
Business Expectations of Nebraska Business,2010,11,52.34
Business Expectations of Nebraska Business,2010,12,53.34
Business Expectations of Nebraska Business,2011,1,53.19
Business Expectations of Nebraska Business,2011,2,54.02
Business Expectations of Nebraska Business,2011,3,51.68
Business Expectations of Nebraska Business,2011,4,51.51
Business Expectations of Nebraska Business,2011,5,50.18
Business Expectations of Nebraska Business,2011,6,50.99
Business Expectations of Nebraska Business,2011,7,50.32
Business Expectations of Nebraska Business,2011,8,49.62
Business Expectations of Nebraska Business,2011,9,48.38
Business Expectations of Nebraska Business,2011,10,49.49
Business Expectations of Nebraska Business,2011,11,46.51
Business Expectations of Nebraska Business,2011,12,52.9
Business Expectations of Nebraska Business,2012,1,52.52
Business Expectations of Nebraska Business,2012,2,53.72
Business Expectations of Nebraska Business,2012,3,54.73
Business Expectations of Nebraska Business,2012,4,52.52
Business Expectations of Nebraska Business,2012,5,48.95
Business Expectations of Nebraska Business,2012,6,51.43
Business Expectations of Nebraska Business,2012,7,47.55
Business Expectations of Nebraska Business,2012,8,50.93
Business Expectations of Nebraska Business,2012,9,47.31
Business Expectations of Nebraska Business,2012,10,47.97
Business Expectations of Nebraska Business,2012,11,48.84
Business Expectations of Nebraska Business,2012,12,45.29
Business Expectations of Nebraska Business,2013,1,47.05
Business Expectations of Nebraska Business,2013,2,57.73
Business Expectations of Nebraska Business,2013,3,58.55
Business Expectations of Nebraska Business,2013,4,53.81
Business Expectations of Nebraska Business,2013,5,50.88
Business Expectations of Nebraska Business,2013,6,49.97
Business Expectations of Nebraska Business,2013,7,49.38
Business Expectations of Nebraska Business,2013,8,51.04
Business Expectations of Nebraska Business,2013,9,48.09
Business Expectations of Nebraska Business,2013,10,47.69
Business Expectations of Nebraska Business,2013,11,49.62
Business Expectations of Nebraska Business,2013,12,50.57
Business Expectations of Nebraska Business,2014,1,48.92
Business Expectations of Nebraska Business,2014,2,53.4
Business Expectations of Nebraska Business,2014,3,54.78
Business Expectations of Nebraska Business,2014,4,54.44
Business Expectations of Nebraska Business,2014,5,52.9
Business Expectations of Nebraska Business,2014,6,56.9
Business Expectations of Nebraska Business,2014,7,53.8
Business Expectations of Nebraska Business,2014,8,53.43
Business Expectations of Nebraska Business,2014,9,50.22
Business Expectations of Nebraska Business,2014,10,53.68
Business Expectations of Nebraska Business,2014,11,54.93
Business Expectations of Nebraska Business,2014,12,56.31
Business Expectations of Nebraska Business,2015,1,55.45
Business Expectations of Nebraska Business,2015,2,55.99
Business Expectations of Nebraska Business,2015,3,56.75
Business Expectations of Nebraska Business,2015,4,60.39
Business Expectations of Nebraska Business,2015,5,58.13
Business Expectations of Nebraska Business,2015,6,55.47
Business Expectations of Nebraska Business,2015,7,55.46
Business Expectations of Nebraska Business,2015,8,54.04
Business Expectations of Nebraska Business,2015,9,52.71
Business Expectations of Nebraska Business,2015,10,50.44
Business Expectations of Nebraska Business,2015,11,56.48
Business Expectations of Nebraska Business,2015,12,53.68
Business Expectations of Nebraska Business,2016,1,55.87
Business Expectations of Nebraska Business,2016,2,52.92
Business Expectations of Nebraska Business,2016,3,58.14
Business Expectations of Nebraska Business,2016,4,57.68
Business Expectations of Nebraska Business,2016,5,55.63
Business Expectations of Nebraska Business,2016,6,54.93
Business Expectations of Nebraska Business,2016,7,52.07
Business Expectations of Nebraska Business,2016,8,51.58
Business Expectations of Nebraska Business,2016,9,55.11
Business Expectations of Nebraska Business,2016,10,51.15
Business Expectations of Nebraska Business,2016,11,53.49
Business Expectations of Nebraska Business,2016,12,58.27
Business Expectations of Nebraska Business,2017,1,56.26
Business Expectations of Nebraska Business,2017,2,60.61
Business Expectations of Nebraska Business,2017,3,58.23
Business Expectations of Nebraska Business,2017,4,59.68
Business Expectations of Nebraska Business,2017,5,59.68
Business Expectations of Nebraska Business,2017,6,58.47
Business Expectations of Nebraska Business,2017,7,51.92
Business Expectations of Nebraska Business,2017,8,54.86
Business Expectations of Nebraska Business,2017,9,56.02
Business Expectations of Nebraska Business,2017,10,54.19
Business Expectations of Nebraska Business,2017,11,57.42
Business Expectations of Nebraska Business,2017,12,55.16
Business Expectations of Nebraska Business,2018,1,59.77
Business Expectations of Nebraska Business,2018,2,56.89
Business Expectations of Nebraska Business,2018,3,61.15
Business Expectations of Nebraska Business,2018,4,56.88
Business Expectations of Nebraska Business,2018,5,55.62
Single-Family Building Permits,2001,1,90.82
Single-Family Building Permits,2001,2,76.04
Single-Family Building Permits,2001,3,90.3
Single-Family Building Permits,2001,4,88.29
Single-Family Building Permits,2001,5,101.83
Single-Family Building Permits,2001,6,99.73
Single-Family Building Permits,2001,7,88.24
Single-Family Building Permits,2001,8,91.9
Single-Family Building Permits,2001,9,83.94
Single-Family Building Permits,2001,10,79.94
Single-Family Building Permits,2001,11,95.94
Single-Family Building Permits,2001,12,85.32
Single-Family Building Permits,2002,1,99.69
Single-Family Building Permits,2002,2,106.52
Single-Family Building Permits,2002,3,94.7
Single-Family Building Permits,2002,4,101.33
Single-Family Building Permits,2002,5,96.34
Single-Family Building Permits,2002,6,88.86
Single-Family Building Permits,2002,7,103.08
Single-Family Building Permits,2002,8,96.06
Single-Family Building Permits,2002,9,104.69
Single-Family Building Permits,2002,10,112.24
Single-Family Building Permits,2002,11,114.17
Single-Family Building Permits,2002,12,108.13
Single-Family Building Permits,2003,1,112.58
Single-Family Building Permits,2003,2,114.69
Single-Family Building Permits,2003,3,111.15
Single-Family Building Permits,2003,4,119.42
Single-Family Building Permits,2003,5,119.3
Single-Family Building Permits,2003,6,122.94
Single-Family Building Permits,2003,7,134.02
Single-Family Building Permits,2003,8,94.43
Single-Family Building Permits,2003,9,125.56
Single-Family Building Permits,2003,10,135.22
Single-Family Building Permits,2003,11,117.47
Single-Family Building Permits,2003,12,140.14
Single-Family Building Permits,2004,1,122.15
Single-Family Building Permits,2004,2,125.59
Single-Family Building Permits,2004,3,154.96
Single-Family Building Permits,2004,4,142.64
Single-Family Building Permits,2004,5,121.21
Single-Family Building Permits,2004,6,139.74
Single-Family Building Permits,2004,7,121.19
Single-Family Building Permits,2004,8,133.41
Single-Family Building Permits,2004,9,130.27
Single-Family Building Permits,2004,10,120.1
Single-Family Building Permits,2004,11,134.03
Single-Family Building Permits,2004,12,150.63
Single-Family Building Permits,2005,1,108.02
Single-Family Building Permits,2005,2,132.73
Single-Family Building Permits,2005,3,171.18
Single-Family Building Permits,2005,4,117.05
Single-Family Building Permits,2005,5,132.35
Single-Family Building Permits,2005,6,124.04
Single-Family Building Permits,2005,7,130.18
Single-Family Building Permits,2005,8,123.72
Single-Family Building Permits,2005,9,134.01
Single-Family Building Permits,2005,10,137.08
Single-Family Building Permits,2005,11,136.1
Single-Family Building Permits,2005,12,133.09
Single-Family Building Permits,2006,1,140.62
Single-Family Building Permits,2006,2,129.16
Single-Family Building Permits,2006,3,106.1
Single-Family Building Permits,2006,4,92.56
Single-Family Building Permits,2006,5,88.17
Single-Family Building Permits,2006,6,93.01
Single-Family Building Permits,2006,7,74.5
Single-Family Building Permits,2006,8,86.88
Single-Family Building Permits,2006,9,82.01
Single-Family Building Permits,2006,10,82.96
Single-Family Building Permits,2006,11,105.86
Single-Family Building Permits,2006,12,87.29
Single-Family Building Permits,2007,1,83.14
Single-Family Building Permits,2007,2,80.17
Single-Family Building Permits,2007,3,96.79
Single-Family Building Permits,2007,4,98.2
Single-Family Building Permits,2007,5,100
Single-Family Building Permits,2007,6,74.44
Single-Family Building Permits,2007,7,93.14
Single-Family Building Permits,2007,8,93.44
Single-Family Building Permits,2007,9,76.69
Single-Family Building Permits,2007,10,76.28
Single-Family Building Permits,2007,11,60.64
Single-Family Building Permits,2007,12,43.47
Single-Family Building Permits,2008,1,71.16
Single-Family Building Permits,2008,2,60.33
Single-Family Building Permits,2008,3,64.22
Single-Family Building Permits,2008,4,68.18
Single-Family Building Permits,2008,5,71.54
Single-Family Building Permits,2008,6,77.86
Single-Family Building Permits,2008,7,76.18
Single-Family Building Permits,2008,8,67.61
Single-Family Building Permits,2008,9,79.97
Single-Family Building Permits,2008,10,64.86
Single-Family Building Permits,2008,11,49.49
Single-Family Building Permits,2008,12,33.48
Single-Family Building Permits,2009,1,30.44
Single-Family Building Permits,2009,2,56.94
Single-Family Building Permits,2009,3,47.09
Single-Family Building Permits,2009,4,58.58
Single-Family Building Permits,2009,5,68.15
Single-Family Building Permits,2009,6,92.48
Single-Family Building Permits,2009,7,77.58
Single-Family Building Permits,2009,8,62.37
Single-Family Building Permits,2009,9,46.39
Single-Family Building Permits,2009,10,58.87
Single-Family Building Permits,2009,11,65.59
Single-Family Building Permits,2009,12,67.1
Single-Family Building Permits,2010,1,67.38
Single-Family Building Permits,2010,2,92.53
Single-Family Building Permits,2010,3,60.53
Single-Family Building Permits,2010,4,60.14
Single-Family Building Permits,2010,5,36.37
Single-Family Building Permits,2010,6,46.08
Single-Family Building Permits,2010,7,37.1
Single-Family Building Permits,2010,8,36.53
Single-Family Building Permits,2010,9,43.89
Single-Family Building Permits,2010,10,48.82
Single-Family Building Permits,2010,11,46.54
Single-Family Building Permits,2010,12,44.49
Single-Family Building Permits,2011,1,42.89
Single-Family Building Permits,2011,2,40.14
Single-Family Building Permits,2011,3,52.09
Single-Family Building Permits,2011,4,48.88
Single-Family Building Permits,2011,5,49.75
Single-Family Building Permits,2011,6,44.62
Single-Family Building Permits,2011,7,52.25
Single-Family Building Permits,2011,8,59.23
Single-Family Building Permits,2011,9,47.32
Single-Family Building Permits,2011,10,52.8
Single-Family Building Permits,2011,11,54.59
Single-Family Building Permits,2011,12,55.28
Single-Family Building Permits,2012,1,52.5
Single-Family Building Permits,2012,2,51.33
Single-Family Building Permits,2012,3,52.12
Single-Family Building Permits,2012,4,46.34
Single-Family Building Permits,2012,5,53.4
Single-Family Building Permits,2012,6,54.66
Single-Family Building Permits,2012,7,50.61
Single-Family Building Permits,2012,8,57.61
Single-Family Building Permits,2012,9,65.32
Single-Family Building Permits,2012,10,55.95
Single-Family Building Permits,2012,11,72.98
Single-Family Building Permits,2012,12,67.82
Single-Family Building Permits,2013,1,82.7
Single-Family Building Permits,2013,2,75.08
Single-Family Building Permits,2013,3,61.45
Single-Family Building Permits,2013,4,71.98
Single-Family Building Permits,2013,5,73.46
Single-Family Building Permits,2013,6,79.07
Single-Family Building Permits,2013,7,76.07
Single-Family Building Permits,2013,8,70.2
Single-Family Building Permits,2013,9,64.12
Single-Family Building Permits,2013,10,77.15
Single-Family Building Permits,2013,11,61.32
Single-Family Building Permits,2013,12,81.24
Single-Family Building Permits,2014,1,60.28
Single-Family Building Permits,2014,2,59.56
Single-Family Building Permits,2014,3,58.39
Single-Family Building Permits,2014,4,61.95
Single-Family Building Permits,2014,5,56.85
Single-Family Building Permits,2014,6,58.18
Single-Family Building Permits,2014,7,40.15
Single-Family Building Permits,2014,8,69.18
Single-Family Building Permits,2014,9,68.09
Single-Family Building Permits,2014,10,73.14
Single-Family Building Permits,2014,11,57.59
Single-Family Building Permits,2014,12,60.88
Single-Family Building Permits,2015,1,64.21
Single-Family Building Permits,2015,2,69.49
Single-Family Building Permits,2015,3,77.17
Single-Family Building Permits,2015,4,68.54
Single-Family Building Permits,2015,5,55.48
Single-Family Building Permits,2015,6,66.84
Single-Family Building Permits,2015,7,77.16
Single-Family Building Permits,2015,8,65.24
Single-Family Building Permits,2015,9,70.27
Single-Family Building Permits,2015,10,69.85
Single-Family Building Permits,2015,11,74.89
Single-Family Building Permits,2015,12,68.08
Single-Family Building Permits,2016,1,64.28
Single-Family Building Permits,2016,2,70.1
Single-Family Building Permits,2016,3,73.07
Single-Family Building Permits,2016,4,72.41
Single-Family Building Permits,2016,5,79.52
Single-Family Building Permits,2016,6,71.61
Single-Family Building Permits,2016,7,68.74
Single-Family Building Permits,2016,8,69.27
Single-Family Building Permits,2016,9,53.86
Single-Family Building Permits,2016,10,63.85
Single-Family Building Permits,2016,11,76.25
Single-Family Building Permits,2016,12,83.16
Single-Family Building Permits,2017,1,85.35
Single-Family Building Permits,2017,2,78.69
Single-Family Building Permits,2017,3,64.67
Single-Family Building Permits,2017,4,74.94
Single-Family Building Permits,2017,5,76.23
Single-Family Building Permits,2017,6,92.57
Single-Family Building Permits,2017,7,68.07
Single-Family Building Permits,2017,8,58.47
Single-Family Building Permits,2017,9,88.8
Single-Family Building Permits,2017,10,76.83
Single-Family Building Permits,2017,11,101.52
Single-Family Building Permits,2017,12,83.26
Single-Family Building Permits,2018,1,83.81
Single-Family Building Permits,2018,2,74.34
Single-Family Building Permits,2018,3,78.37
Single-Family Building Permits,2018,4,73.01
Single-Family Building Permits,2018,5,68.87
Airline Passengers,2001,1,90.42
Airline Passengers,2001,2,89.24
Airline Passengers,2001,3,89
Airline Passengers,2001,4,88.88
Airline Passengers,2001,5,88.62
Airline Passengers,2001,6,86.95
Airline Passengers,2001,7,88.5
Airline Passengers,2001,8,93.34
Airline Passengers,2001,9,64.19
Airline Passengers,2001,10,82.46
Airline Passengers,2001,11,83.31
Airline Passengers,2001,12,82.25
Airline Passengers,2002,1,84.95
Airline Passengers,2002,2,82.49
Airline Passengers,2002,3,84.35
Airline Passengers,2002,4,83.2
Airline Passengers,2002,5,84.17
Airline Passengers,2002,6,83.21
Airline Passengers,2002,7,84.55
Airline Passengers,2002,8,87.08
Airline Passengers,2002,9,81.78
Airline Passengers,2002,10,84.26
Airline Passengers,2002,11,83.43
Airline Passengers,2002,12,91.75
Airline Passengers,2003,1,84.47
Airline Passengers,2003,2,84.75
Airline Passengers,2003,3,82.88
Airline Passengers,2003,4,80.25
Airline Passengers,2003,5,84.47
Airline Passengers,2003,6,84.79
Airline Passengers,2003,7,86.57
Airline Passengers,2003,8,85.92
Airline Passengers,2003,9,85.44
Airline Passengers,2003,10,86.12
Airline Passengers,2003,11,85.25
Airline Passengers,2003,12,88.6
Airline Passengers,2004,1,85.43
Airline Passengers,2004,2,87.47
Airline Passengers,2004,3,88.56
Airline Passengers,2004,4,89.75
Airline Passengers,2004,5,87.81
Airline Passengers,2004,6,90.32
Airline Passengers,2004,7,88.88
Airline Passengers,2004,8,89.9
Airline Passengers,2004,9,91.87
Airline Passengers,2004,10,91.73
Airline Passengers,2004,11,91.64
Airline Passengers,2004,12,91.68
Airline Passengers,2005,1,92.3
Airline Passengers,2005,2,92.88
Airline Passengers,2005,3,94.65
Airline Passengers,2005,4,94.62
Airline Passengers,2005,5,94.65
Airline Passengers,2005,6,97.03
Airline Passengers,2005,7,94.95
Airline Passengers,2005,8,96.14
Airline Passengers,2005,9,98.34
Airline Passengers,2005,10,95.93
Airline Passengers,2005,11,97.71
Airline Passengers,2005,12,97.22
Airline Passengers,2006,1,97.75
Airline Passengers,2006,2,96.01
Airline Passengers,2006,3,96.33
Airline Passengers,2006,4,95.07
Airline Passengers,2006,5,95.65
Airline Passengers,2006,6,94.1
Airline Passengers,2006,7,91.3
Airline Passengers,2006,8,95.11
Airline Passengers,2006,9,95.04
Airline Passengers,2006,10,97.46
Airline Passengers,2006,11,100.96
Airline Passengers,2006,12,97.53
Airline Passengers,2007,1,97.6
Airline Passengers,2007,2,97.43
Airline Passengers,2007,3,97.07
Airline Passengers,2007,4,97.66
Airline Passengers,2007,5,100
Airline Passengers,2007,6,96.86
Airline Passengers,2007,7,99.26
Airline Passengers,2007,8,103.88
Airline Passengers,2007,9,99.51
Airline Passengers,2007,10,99
Airline Passengers,2007,11,99.78
Airline Passengers,2007,12,98.66
Airline Passengers,2008,1,100.7
Airline Passengers,2008,2,102.04
Airline Passengers,2008,3,98.19
Airline Passengers,2008,4,98.82
Airline Passengers,2008,5,98.87
Airline Passengers,2008,6,97.33
Airline Passengers,2008,7,99.9
Airline Passengers,2008,8,95.95
Airline Passengers,2008,9,94.84
Airline Passengers,2008,10,96.48
Airline Passengers,2008,11,91.16
Airline Passengers,2008,12,98.39
Airline Passengers,2009,1,94.15
Airline Passengers,2009,2,93.94
Airline Passengers,2009,3,93.77
Airline Passengers,2009,4,96.28
Airline Passengers,2009,5,94.19
Airline Passengers,2009,6,94.26
Airline Passengers,2009,7,94.86
Airline Passengers,2009,8,94.5
Airline Passengers,2009,9,93.09
Airline Passengers,2009,10,91.51
Airline Passengers,2009,11,91.56
Airline Passengers,2009,12,91.76
Airline Passengers,2010,1,91.38
Airline Passengers,2010,2,92.03
Airline Passengers,2010,3,97.37
Airline Passengers,2010,4,95.94
Airline Passengers,2010,5,92.13
Airline Passengers,2010,6,95.67
Airline Passengers,2010,7,96.71
Airline Passengers,2010,8,94.76
Airline Passengers,2010,9,96.02
Airline Passengers,2010,10,97.29
Airline Passengers,2010,11,95.5
Airline Passengers,2010,12,95.57
Airline Passengers,2011,1,94.82
Airline Passengers,2011,2,93.7
Airline Passengers,2011,3,95.95
Airline Passengers,2011,4,92.5
Airline Passengers,2011,5,93.1
Airline Passengers,2011,6,93.01
Airline Passengers,2011,7,92.46
Airline Passengers,2011,8,92.54
Airline Passengers,2011,9,94.1
Airline Passengers,2011,10,91.53
Airline Passengers,2011,11,93.6
Airline Passengers,2011,12,91.89
Airline Passengers,2012,1,92.39
Airline Passengers,2012,2,93.53
Airline Passengers,2012,3,90.71
Airline Passengers,2012,4,90.71
Airline Passengers,2012,5,90.42
Airline Passengers,2012,6,91.89
Airline Passengers,2012,7,90.73
Airline Passengers,2012,8,95.58
Airline Passengers,2012,9,91.02
Airline Passengers,2012,10,91.77
Airline Passengers,2012,11,89.9
Airline Passengers,2012,12,89.23
Airline Passengers,2013,1,92.55
Airline Passengers,2013,2,88.44
Airline Passengers,2013,3,87.1
Airline Passengers,2013,4,88.69
Airline Passengers,2013,5,89.88
Airline Passengers,2013,6,89.32
Airline Passengers,2013,7,89.11
Airline Passengers,2013,8,90.62
Airline Passengers,2013,9,90.75
Airline Passengers,2013,10,89
Airline Passengers,2013,11,89.54
Airline Passengers,2013,12,95.38
Airline Passengers,2014,1,91.82
Airline Passengers,2014,2,93
Airline Passengers,2014,3,91.84
Airline Passengers,2014,4,91.38
Airline Passengers,2014,5,93.26
Airline Passengers,2014,6,90.73
Airline Passengers,2014,7,91.21
Airline Passengers,2014,8,90.96
Airline Passengers,2014,9,90.99
Airline Passengers,2014,10,92.02
Airline Passengers,2014,11,87.94
Airline Passengers,2014,12,94.47
Airline Passengers,2015,1,92.85
Airline Passengers,2015,2,91.73
Airline Passengers,2015,3,94.24
Airline Passengers,2015,4,93.74
Airline Passengers,2015,5,93.37
Airline Passengers,2015,6,91.79
Airline Passengers,2015,7,94.09
Airline Passengers,2015,8,93.16
Airline Passengers,2015,9,93.65
Airline Passengers,2015,10,93.98
Airline Passengers,2015,11,94.6
Airline Passengers,2015,12,94.61
Airline Passengers,2016,1,94.71
Airline Passengers,2016,2,96.05
Airline Passengers,2016,3,94.17
Airline Passengers,2016,4,95.74
Airline Passengers,2016,5,95.13
Airline Passengers,2016,6,98.31
Airline Passengers,2016,7,96.6
Airline Passengers,2016,8,96.21
Airline Passengers,2016,9,102.31
Airline Passengers,2016,10,98.63
Airline Passengers,2016,11,100.01
Airline Passengers,2016,12,99.43
Airline Passengers,2017,1,96.35
Airline Passengers,2017,2,99.13
Airline Passengers,2017,3,101.74
Airline Passengers,2017,4,99.92
Airline Passengers,2017,5,100.4
Airline Passengers,2017,6,102.8
Airline Passengers,2017,7,102.17
Airline Passengers,2017,8,107
Airline Passengers,2017,9,102.61
Airline Passengers,2017,10,105.29
Airline Passengers,2017,11,105.42
Airline Passengers,2017,12,104.24
Airline Passengers,2018,1,106.75
Airline Passengers,2018,2,106.07
Airline Passengers,2018,3,107.65
Airline Passengers,2018,4,109.52
Airline Passengers,2018,5,111.23
Exchange Rate for the U.S. Dollars,2001,1,85.1
Exchange Rate for the U.S. Dollars,2001,2,84.62
Exchange Rate for the U.S. Dollars,2001,3,83.26
Exchange Rate for the U.S. Dollars,2001,4,82.62
Exchange Rate for the U.S. Dollars,2001,5,82.71
Exchange Rate for the U.S. Dollars,2001,6,82.16
Exchange Rate for the U.S. Dollars,2001,7,81.89
Exchange Rate for the U.S. Dollars,2001,8,83.26
Exchange Rate for the U.S. Dollars,2001,9,83.02
Exchange Rate for the U.S. Dollars,2001,10,82.47
Exchange Rate for the U.S. Dollars,2001,11,82.13
Exchange Rate for the U.S. Dollars,2001,12,82.08
Exchange Rate for the U.S. Dollars,2002,1,81.07
Exchange Rate for the U.S. Dollars,2002,2,80.61
Exchange Rate for the U.S. Dollars,2002,3,81.08
Exchange Rate for the U.S. Dollars,2002,4,81.32
Exchange Rate for the U.S. Dollars,2002,5,82.31
Exchange Rate for the U.S. Dollars,2002,6,83.26
Exchange Rate for the U.S. Dollars,2002,7,84.44
Exchange Rate for the U.S. Dollars,2002,8,83.48
Exchange Rate for the U.S. Dollars,2002,9,82.87
Exchange Rate for the U.S. Dollars,2002,10,82.27
Exchange Rate for the U.S. Dollars,2002,11,83.11
Exchange Rate for the U.S. Dollars,2002,12,83.55
Exchange Rate for the U.S. Dollars,2003,1,84.59
Exchange Rate for the U.S. Dollars,2003,2,84.7
Exchange Rate for the U.S. Dollars,2003,3,85.02
Exchange Rate for the U.S. Dollars,2003,4,85.7
Exchange Rate for the U.S. Dollars,2003,5,88.59
Exchange Rate for the U.S. Dollars,2003,6,89.07
Exchange Rate for the U.S. Dollars,2003,7,88.16
Exchange Rate for the U.S. Dollars,2003,8,87.2
Exchange Rate for the U.S. Dollars,2003,9,88.18
Exchange Rate for the U.S. Dollars,2003,10,89.96
Exchange Rate for the U.S. Dollars,2003,11,90.06
Exchange Rate for the U.S. Dollars,2003,12,91.3
Exchange Rate for the U.S. Dollars,2004,1,92.84
Exchange Rate for the U.S. Dollars,2004,2,92.4
Exchange Rate for the U.S. Dollars,2004,3,91.5
Exchange Rate for the U.S. Dollars,2004,4,90.85
Exchange Rate for the U.S. Dollars,2004,5,89.4
Exchange Rate for the U.S. Dollars,2004,6,90.26
Exchange Rate for the U.S. Dollars,2004,7,90.89
Exchange Rate for the U.S. Dollars,2004,8,90.76
Exchange Rate for the U.S. Dollars,2004,9,91.14
Exchange Rate for the U.S. Dollars,2004,10,92.43
Exchange Rate for the U.S. Dollars,2004,11,94.84
Exchange Rate for the U.S. Dollars,2004,12,95.91
Exchange Rate for the U.S. Dollars,2005,1,95.41
Exchange Rate for the U.S. Dollars,2005,2,95.22
Exchange Rate for the U.S. Dollars,2005,3,95.74
Exchange Rate for the U.S. Dollars,2005,4,94.94
Exchange Rate for the U.S. Dollars,2005,5,94.53
Exchange Rate for the U.S. Dollars,2005,6,93.61
Exchange Rate for the U.S. Dollars,2005,7,93.25
Exchange Rate for the U.S. Dollars,2005,8,94.46
Exchange Rate for the U.S. Dollars,2005,9,94.53
Exchange Rate for the U.S. Dollars,2005,10,93.65
Exchange Rate for the U.S. Dollars,2005,11,93.01
Exchange Rate for the U.S. Dollars,2005,12,93.6
Exchange Rate for the U.S. Dollars,2006,1,94.9
Exchange Rate for the U.S. Dollars,2006,2,94.69
Exchange Rate for the U.S. Dollars,2006,3,94.55
Exchange Rate for the U.S. Dollars,2006,4,95.21
Exchange Rate for the U.S. Dollars,2006,5,97.2
Exchange Rate for the U.S. Dollars,2006,6,96.06
Exchange Rate for the U.S. Dollars,2006,7,96.3
Exchange Rate for the U.S. Dollars,2006,8,96.94
Exchange Rate for the U.S. Dollars,2006,9,96.7
Exchange Rate for the U.S. Dollars,2006,10,96.46
Exchange Rate for the U.S. Dollars,2006,11,97.25
Exchange Rate for the U.S. Dollars,2006,12,98
Exchange Rate for the U.S. Dollars,2007,1,97.07
Exchange Rate for the U.S. Dollars,2007,2,97.4
Exchange Rate for the U.S. Dollars,2007,3,97.9
Exchange Rate for the U.S. Dollars,2007,4,99.15
Exchange Rate for the U.S. Dollars,2007,5,100
Exchange Rate for the U.S. Dollars,2007,6,100.25
Exchange Rate for the U.S. Dollars,2007,7,101.55
Exchange Rate for the U.S. Dollars,2007,8,100.99
Exchange Rate for the U.S. Dollars,2007,9,102.34
Exchange Rate for the U.S. Dollars,2007,10,104.46
Exchange Rate for the U.S. Dollars,2007,11,105.96
Exchange Rate for the U.S. Dollars,2007,12,105.09
Exchange Rate for the U.S. Dollars,2008,1,105.98
Exchange Rate for the U.S. Dollars,2008,2,106.87
Exchange Rate for the U.S. Dollars,2008,3,109
Exchange Rate for the U.S. Dollars,2008,4,109.43
Exchange Rate for the U.S. Dollars,2008,5,109.02
Exchange Rate for the U.S. Dollars,2008,6,108.81
Exchange Rate for the U.S. Dollars,2008,7,109.62
Exchange Rate for the U.S. Dollars,2008,8,106.8
Exchange Rate for the U.S. Dollars,2008,9,104.23
Exchange Rate for the U.S. Dollars,2008,10,97.74
Exchange Rate for the U.S. Dollars,2008,11,95.35
Exchange Rate for the U.S. Dollars,2008,12,96.36
Exchange Rate for the U.S. Dollars,2009,1,95.76
Exchange Rate for the U.S. Dollars,2009,2,93.46
Exchange Rate for the U.S. Dollars,2009,3,93.06
Exchange Rate for the U.S. Dollars,2009,4,95.43
Exchange Rate for the U.S. Dollars,2009,5,98.25
Exchange Rate for the U.S. Dollars,2009,6,99.53
Exchange Rate for the U.S. Dollars,2009,7,99.87
Exchange Rate for the U.S. Dollars,2009,8,101.11
Exchange Rate for the U.S. Dollars,2009,9,101.88
Exchange Rate for the U.S. Dollars,2009,10,103.36
Exchange Rate for the U.S. Dollars,2009,11,103.85
Exchange Rate for the U.S. Dollars,2009,12,103.39
Exchange Rate for the U.S. Dollars,2010,1,103.1
Exchange Rate for the U.S. Dollars,2010,2,101.59
Exchange Rate for the U.S. Dollars,2010,3,102.47
Exchange Rate for the U.S. Dollars,2010,4,102.99
Exchange Rate for the U.S. Dollars,2010,5,100.22
Exchange Rate for the U.S. Dollars,2010,6,99.68
Exchange Rate for the U.S. Dollars,2010,7,101.25
Exchange Rate for the U.S. Dollars,2010,8,102.05
Exchange Rate for the U.S. Dollars,2010,9,103.05
Exchange Rate for the U.S. Dollars,2010,10,105.79
Exchange Rate for the U.S. Dollars,2010,11,105.49
Exchange Rate for the U.S. Dollars,2010,12,104.81
Exchange Rate for the U.S. Dollars,2011,1,106.03
Exchange Rate for the U.S. Dollars,2011,2,106.84
Exchange Rate for the U.S. Dollars,2011,3,107.86
Exchange Rate for the U.S. Dollars,2011,4,109.68
Exchange Rate for the U.S. Dollars,2011,5,109.72
Exchange Rate for the U.S. Dollars,2011,6,109.75
Exchange Rate for the U.S. Dollars,2011,7,110.52
Exchange Rate for the U.S. Dollars,2011,8,109.89
Exchange Rate for the U.S. Dollars,2011,9,106.7
Exchange Rate for the U.S. Dollars,2011,10,105.72
Exchange Rate for the U.S. Dollars,2011,11,105.05
Exchange Rate for the U.S. Dollars,2011,12,104.07
Exchange Rate for the U.S. Dollars,2012,1,104.73
Exchange Rate for the U.S. Dollars,2012,2,106.58
Exchange Rate for the U.S. Dollars,2012,3,105.93
Exchange Rate for the U.S. Dollars,2012,4,105.59
Exchange Rate for the U.S. Dollars,2012,5,103.78
Exchange Rate for the U.S. Dollars,2012,6,102.32
Exchange Rate for the U.S. Dollars,2012,7,102.82
Exchange Rate for the U.S. Dollars,2012,8,103.72
Exchange Rate for the U.S. Dollars,2012,9,105.35
Exchange Rate for the U.S. Dollars,2012,10,105.65
Exchange Rate for the U.S. Dollars,2012,11,104.98
Exchange Rate for the U.S. Dollars,2012,12,105.58
Exchange Rate for the U.S. Dollars,2013,1,105.67
Exchange Rate for the U.S. Dollars,2013,2,104.8
Exchange Rate for the U.S. Dollars,2013,3,103.9
Exchange Rate for the U.S. Dollars,2013,4,104.27
Exchange Rate for the U.S. Dollars,2013,5,103.82
Exchange Rate for the U.S. Dollars,2013,6,102.97
Exchange Rate for the U.S. Dollars,2013,7,102.41
Exchange Rate for the U.S. Dollars,2013,8,102.52
Exchange Rate for the U.S. Dollars,2013,9,102.73
Exchange Rate for the U.S. Dollars,2013,10,103.77
Exchange Rate for the U.S. Dollars,2013,11,102.86
Exchange Rate for the U.S. Dollars,2013,12,102.68
Exchange Rate for the U.S. Dollars,2014,1,101.72
Exchange Rate for the U.S. Dollars,2014,2,101.47
Exchange Rate for the U.S. Dollars,2014,3,101.55
Exchange Rate for the U.S. Dollars,2014,4,101.94
Exchange Rate for the U.S. Dollars,2014,5,102.27
Exchange Rate for the U.S. Dollars,2014,6,102.12
Exchange Rate for the U.S. Dollars,2014,7,102.36
Exchange Rate for the U.S. Dollars,2014,8,101.45
Exchange Rate for the U.S. Dollars,2014,9,99.94
Exchange Rate for the U.S. Dollars,2014,10,98.67
Exchange Rate for the U.S. Dollars,2014,11,97
Exchange Rate for the U.S. Dollars,2014,12,94.68
Exchange Rate for the U.S. Dollars,2015,1,92.77
Exchange Rate for the U.S. Dollars,2015,2,91.52
Exchange Rate for the U.S. Dollars,2015,3,89.9
Exchange Rate for the U.S. Dollars,2015,4,90.85
Exchange Rate for the U.S. Dollars,2015,5,91.55
Exchange Rate for the U.S. Dollars,2015,6,90.8
Exchange Rate for the U.S. Dollars,2015,7,89.23
Exchange Rate for the U.S. Dollars,2015,8,87.54
Exchange Rate for the U.S. Dollars,2015,9,86.98
Exchange Rate for the U.S. Dollars,2015,10,87.75
Exchange Rate for the U.S. Dollars,2015,11,86.4
Exchange Rate for the U.S. Dollars,2015,12,85.56
Exchange Rate for the U.S. Dollars,2016,1,83.68
Exchange Rate for the U.S. Dollars,2016,2,83.68
Exchange Rate for the U.S. Dollars,2016,3,86.14
Exchange Rate for the U.S. Dollars,2016,4,87.54
Exchange Rate for the U.S. Dollars,2016,5,86.63
Exchange Rate for the U.S. Dollars,2016,6,86.31
Exchange Rate for the U.S. Dollars,2016,7,85.72
Exchange Rate for the U.S. Dollars,2016,8,86.51
Exchange Rate for the U.S. Dollars,2016,9,85.85
Exchange Rate for the U.S. Dollars,2016,10,85.06
Exchange Rate for the U.S. Dollars,2016,11,83.1
Exchange Rate for the U.S. Dollars,2016,12,81.84
Exchange Rate for the U.S. Dollars,2017,1,82.07
Exchange Rate for the U.S. Dollars,2017,2,83.24
Exchange Rate for the U.S. Dollars,2017,3,83.59
Exchange Rate for the U.S. Dollars,2017,4,84.21
Exchange Rate for the U.S. Dollars,2017,5,84.54
Exchange Rate for the U.S. Dollars,2017,6,85.66
Exchange Rate for the U.S. Dollars,2017,7,86.85
Exchange Rate for the U.S. Dollars,2017,8,87.81
Exchange Rate for the U.S. Dollars,2017,9,88.65
Exchange Rate for the U.S. Dollars,2017,10,87.08
Exchange Rate for the U.S. Dollars,2017,11,86.92
Exchange Rate for the U.S. Dollars,2017,12,87.15
Exchange Rate for the U.S. Dollars,2018,1,89.19
Exchange Rate for the U.S. Dollars,2018,2,88.92
Exchange Rate for the U.S. Dollars,2018,3,88.51
Exchange Rate for the U.S. Dollars,2018,4,88.47
Exchange Rate for the U.S. Dollars,2018,5,86.08
Initial Unemployment Claims,2001,1,97.27
Initial Unemployment Claims,2001,2,91.08
Initial Unemployment Claims,2001,3,100.42
Initial Unemployment Claims,2001,4,95.44
Initial Unemployment Claims,2001,5,88.39
Initial Unemployment Claims,2001,6,87.11
Initial Unemployment Claims,2001,7,94.44
Initial Unemployment Claims,2001,8,88.02
Initial Unemployment Claims,2001,9,92.64
Initial Unemployment Claims,2001,10,80.91
Initial Unemployment Claims,2001,11,75.09
Initial Unemployment Claims,2001,12,80.81
Initial Unemployment Claims,2002,1,84.28
Initial Unemployment Claims,2002,2,86.22
Initial Unemployment Claims,2002,3,73.67
Initial Unemployment Claims,2002,4,75.99
Initial Unemployment Claims,2002,5,79.3
Initial Unemployment Claims,2002,6,97.42
Initial Unemployment Claims,2002,7,69.69
Initial Unemployment Claims,2002,8,79.12
Initial Unemployment Claims,2002,9,79.62
Initial Unemployment Claims,2002,10,72.81
Initial Unemployment Claims,2002,11,85.98
Initial Unemployment Claims,2002,12,82.71
Initial Unemployment Claims,2003,1,81.94
Initial Unemployment Claims,2003,2,74.95
Initial Unemployment Claims,2003,3,84.15
Initial Unemployment Claims,2003,4,73.85
Initial Unemployment Claims,2003,5,75
Initial Unemployment Claims,2003,6,79.46
Initial Unemployment Claims,2003,7,80.72
Initial Unemployment Claims,2003,8,92.32
Initial Unemployment Claims,2003,9,76.23
Initial Unemployment Claims,2003,10,86.39
Initial Unemployment Claims,2003,11,86.45
Initial Unemployment Claims,2003,12,82.24
Initial Unemployment Claims,2004,1,88.7
Initial Unemployment Claims,2004,2,72.4
Initial Unemployment Claims,2004,3,83.81
Initial Unemployment Claims,2004,4,91.1
Initial Unemployment Claims,2004,5,90.5
Initial Unemployment Claims,2004,6,85.86
Initial Unemployment Claims,2004,7,85.26
Initial Unemployment Claims,2004,8,79.3
Initial Unemployment Claims,2004,9,85.7
Initial Unemployment Claims,2004,10,89.78
Initial Unemployment Claims,2004,11,85.8
Initial Unemployment Claims,2004,12,93.55
Initial Unemployment Claims,2005,1,87
Initial Unemployment Claims,2005,2,92.24
Initial Unemployment Claims,2005,3,90.69
Initial Unemployment Claims,2005,4,94.34
Initial Unemployment Claims,2005,5,98.14
Initial Unemployment Claims,2005,6,89.73
Initial Unemployment Claims,2005,7,89.28
Initial Unemployment Claims,2005,8,94.3
Initial Unemployment Claims,2005,9,84.74
Initial Unemployment Claims,2005,10,96.17
Initial Unemployment Claims,2005,11,79.38
Initial Unemployment Claims,2005,12,89.59
Initial Unemployment Claims,2006,1,122.6
Initial Unemployment Claims,2006,2,104.47
Initial Unemployment Claims,2006,3,77.06
Initial Unemployment Claims,2006,4,106.14
Initial Unemployment Claims,2006,5,88.58
Initial Unemployment Claims,2006,6,96.48
Initial Unemployment Claims,2006,7,95.12
Initial Unemployment Claims,2006,8,84.49
Initial Unemployment Claims,2006,9,94.24
Initial Unemployment Claims,2006,10,92.49
Initial Unemployment Claims,2006,11,88.6
Initial Unemployment Claims,2006,12,100.45
Initial Unemployment Claims,2007,1,89.69
Initial Unemployment Claims,2007,2,97.81
Initial Unemployment Claims,2007,3,103.49
Initial Unemployment Claims,2007,4,98.81
Initial Unemployment Claims,2007,5,100
Initial Unemployment Claims,2007,6,112.16
Initial Unemployment Claims,2007,7,106.91
Initial Unemployment Claims,2007,8,111.83
Initial Unemployment Claims,2007,9,107.17
Initial Unemployment Claims,2007,10,93.87
Initial Unemployment Claims,2007,11,102.69
Initial Unemployment Claims,2007,12,93.24
Initial Unemployment Claims,2008,1,87.47
Initial Unemployment Claims,2008,2,88.26
Initial Unemployment Claims,2008,3,90.62
Initial Unemployment Claims,2008,4,83.73
Initial Unemployment Claims,2008,5,100.26
Initial Unemployment Claims,2008,6,96.22
Initial Unemployment Claims,2008,7,88.58
Initial Unemployment Claims,2008,8,114.22
Initial Unemployment Claims,2008,9,89.02
Initial Unemployment Claims,2008,10,70.54
Initial Unemployment Claims,2008,11,82.97
Initial Unemployment Claims,2008,12,66.9
Initial Unemployment Claims,2009,1,74.63
Initial Unemployment Claims,2009,2,60.15
Initial Unemployment Claims,2009,3,60.27
Initial Unemployment Claims,2009,4,60.13
Initial Unemployment Claims,2009,5,59.49
Initial Unemployment Claims,2009,6,54.86
Initial Unemployment Claims,2009,7,52.37
Initial Unemployment Claims,2009,8,59.79
Initial Unemployment Claims,2009,9,58.8
Initial Unemployment Claims,2009,10,60.87
Initial Unemployment Claims,2009,11,57.39
Initial Unemployment Claims,2009,12,61.4
Initial Unemployment Claims,2010,1,71.29
Initial Unemployment Claims,2010,2,64.77
Initial Unemployment Claims,2010,3,58.77
Initial Unemployment Claims,2010,4,62.87
Initial Unemployment Claims,2010,5,61
Initial Unemployment Claims,2010,6,60.41
Initial Unemployment Claims,2010,7,64.93
Initial Unemployment Claims,2010,8,58.41
Initial Unemployment Claims,2010,9,57.18
Initial Unemployment Claims,2010,10,65.7
Initial Unemployment Claims,2010,11,58.28
Initial Unemployment Claims,2010,12,66.28
Initial Unemployment Claims,2011,1,59.78
Initial Unemployment Claims,2011,2,65.4
Initial Unemployment Claims,2011,3,64.06
Initial Unemployment Claims,2011,4,61.11
Initial Unemployment Claims,2011,5,61.03
Initial Unemployment Claims,2011,6,64.71
Initial Unemployment Claims,2011,7,65.63
Initial Unemployment Claims,2011,8,59.17
Initial Unemployment Claims,2011,9,61.09
Initial Unemployment Claims,2011,10,64.59
Initial Unemployment Claims,2011,11,65.64
Initial Unemployment Claims,2011,12,66.75
Initial Unemployment Claims,2012,1,66.56
Initial Unemployment Claims,2012,2,64.64
Initial Unemployment Claims,2012,3,71.49
Initial Unemployment Claims,2012,4,70.47
Initial Unemployment Claims,2012,5,65.87
Initial Unemployment Claims,2012,6,64.65
Initial Unemployment Claims,2012,7,69.72
Initial Unemployment Claims,2012,8,69.56
Initial Unemployment Claims,2012,9,71.09
Initial Unemployment Claims,2012,10,67.81
Initial Unemployment Claims,2012,11,73.53
Initial Unemployment Claims,2012,12,75.59
Initial Unemployment Claims,2013,1,72.62
Initial Unemployment Claims,2013,2,75.96
Initial Unemployment Claims,2013,3,83.96
Initial Unemployment Claims,2013,4,72.49
Initial Unemployment Claims,2013,5,79.34
Initial Unemployment Claims,2013,6,95.59
Initial Unemployment Claims,2013,7,76.75
Initial Unemployment Claims,2013,8,76.87
Initial Unemployment Claims,2013,9,82.64
Initial Unemployment Claims,2013,10,77.06
Initial Unemployment Claims,2013,11,87.96
Initial Unemployment Claims,2013,12,85.51
Initial Unemployment Claims,2014,1,87.87
Initial Unemployment Claims,2014,2,70.65
Initial Unemployment Claims,2014,3,78.79
Initial Unemployment Claims,2014,4,93.22
Initial Unemployment Claims,2014,5,97.4
Initial Unemployment Claims,2014,6,91.69
Initial Unemployment Claims,2014,7,90.5
Initial Unemployment Claims,2014,8,101.56
Initial Unemployment Claims,2014,9,99.33
Initial Unemployment Claims,2014,10,95.98
Initial Unemployment Claims,2014,11,84.16
Initial Unemployment Claims,2014,12,99.42
Initial Unemployment Claims,2015,1,107.82
Initial Unemployment Claims,2015,2,103.38
Initial Unemployment Claims,2015,3,99.74
Initial Unemployment Claims,2015,4,111.32
Initial Unemployment Claims,2015,5,105.82
Initial Unemployment Claims,2015,6,110.85
Initial Unemployment Claims,2015,7,108.57
Initial Unemployment Claims,2015,8,115.8
Initial Unemployment Claims,2015,9,106.97
Initial Unemployment Claims,2015,10,109.06
Initial Unemployment Claims,2015,11,120.1
Initial Unemployment Claims,2015,12,118.86
Initial Unemployment Claims,2016,1,128.69
Initial Unemployment Claims,2016,2,132.52
Initial Unemployment Claims,2016,3,127.66
Initial Unemployment Claims,2016,4,134.36
Initial Unemployment Claims,2016,5,134.92
Initial Unemployment Claims,2016,6,146.74
Initial Unemployment Claims,2016,7,149.82
Initial Unemployment Claims,2016,8,129.67
Initial Unemployment Claims,2016,9,144.1
Initial Unemployment Claims,2016,10,131.54
Initial Unemployment Claims,2016,11,128.2
Initial Unemployment Claims,2016,12,95.59
Initial Unemployment Claims,2017,1,128.71
Initial Unemployment Claims,2017,2,145.75
Initial Unemployment Claims,2017,3,148.82
Initial Unemployment Claims,2017,4,132.35
Initial Unemployment Claims,2017,5,105.6
Initial Unemployment Claims,2017,6,123.52
Initial Unemployment Claims,2017,7,138.72
Initial Unemployment Claims,2017,8,134.69
Initial Unemployment Claims,2017,9,135.04
Initial Unemployment Claims,2017,10,148.45
Initial Unemployment Claims,2017,11,147.34
Initial Unemployment Claims,2017,12,147.33
Initial Unemployment Claims,2018,1,129.82
Initial Unemployment Claims,2018,2,160.08
Initial Unemployment Claims,2018,3,159.31
Initial Unemployment Claims,2018,4,164.16
Initial Unemployment Claims,2018,5,165.87
Weekly Manufacturing Hours,2001,1,106.11
Weekly Manufacturing Hours,2001,2,104.72
Weekly Manufacturing Hours,2001,3,106.13
Weekly Manufacturing Hours,2001,4,103.22
Weekly Manufacturing Hours,2001,5,107.67
Weekly Manufacturing Hours,2001,6,102.58
Weekly Manufacturing Hours,2001,7,104.59
Weekly Manufacturing Hours,2001,8,105.54
Weekly Manufacturing Hours,2001,9,105.86
Weekly Manufacturing Hours,2001,10,106.14
Weekly Manufacturing Hours,2001,11,105.14
Weekly Manufacturing Hours,2001,12,107.95
Weekly Manufacturing Hours,2002,1,105.31
Weekly Manufacturing Hours,2002,2,104.96
Weekly Manufacturing Hours,2002,3,104.58
Weekly Manufacturing Hours,2002,4,105.17
Weekly Manufacturing Hours,2002,5,103.94
Weekly Manufacturing Hours,2002,6,105.15
Weekly Manufacturing Hours,2002,7,105.08
Weekly Manufacturing Hours,2002,8,104.39
Weekly Manufacturing Hours,2002,9,103.68
Weekly Manufacturing Hours,2002,10,101.93
Weekly Manufacturing Hours,2002,11,102.48
Weekly Manufacturing Hours,2002,12,102.36
Weekly Manufacturing Hours,2003,1,101.65
Weekly Manufacturing Hours,2003,2,102.69
Weekly Manufacturing Hours,2003,3,102.34
Weekly Manufacturing Hours,2003,4,101.59
Weekly Manufacturing Hours,2003,5,100.32
Weekly Manufacturing Hours,2003,6,100.6
Weekly Manufacturing Hours,2003,7,100.26
Weekly Manufacturing Hours,2003,8,100.5
Weekly Manufacturing Hours,2003,9,101.39
Weekly Manufacturing Hours,2003,10,102.23
Weekly Manufacturing Hours,2003,11,102.37
Weekly Manufacturing Hours,2003,12,101
Weekly Manufacturing Hours,2004,1,102.48
Weekly Manufacturing Hours,2004,2,101.34
Weekly Manufacturing Hours,2004,3,99.34
Weekly Manufacturing Hours,2004,4,99.6
Weekly Manufacturing Hours,2004,5,101.22
Weekly Manufacturing Hours,2004,6,100.31
Weekly Manufacturing Hours,2004,7,96.99
Weekly Manufacturing Hours,2004,8,100.45
Weekly Manufacturing Hours,2004,9,100.02
Weekly Manufacturing Hours,2004,10,99.96
Weekly Manufacturing Hours,2004,11,100.53
Weekly Manufacturing Hours,2004,12,102.04
Weekly Manufacturing Hours,2005,1,97.86
Weekly Manufacturing Hours,2005,2,96.11
Weekly Manufacturing Hours,2005,3,94.72
Weekly Manufacturing Hours,2005,4,97.87
Weekly Manufacturing Hours,2005,5,97.33
Weekly Manufacturing Hours,2005,6,97.68
Weekly Manufacturing Hours,2005,7,98.06
Weekly Manufacturing Hours,2005,8,96.81
Weekly Manufacturing Hours,2005,9,95.65
Weekly Manufacturing Hours,2005,10,94.65
Weekly Manufacturing Hours,2005,11,93.99
Weekly Manufacturing Hours,2005,12,95.64
Weekly Manufacturing Hours,2006,1,94.94
Weekly Manufacturing Hours,2006,2,98.01
Weekly Manufacturing Hours,2006,3,96.88
Weekly Manufacturing Hours,2006,4,95.96
Weekly Manufacturing Hours,2006,5,97.14
Weekly Manufacturing Hours,2006,6,99.89
Weekly Manufacturing Hours,2006,7,97.14
Weekly Manufacturing Hours,2006,8,96.87
Weekly Manufacturing Hours,2006,9,96.74
Weekly Manufacturing Hours,2006,10,97.88
Weekly Manufacturing Hours,2006,11,97.44
Weekly Manufacturing Hours,2006,12,99.41
Weekly Manufacturing Hours,2007,1,100.51
Weekly Manufacturing Hours,2007,2,101.24
Weekly Manufacturing Hours,2007,3,100.97
Weekly Manufacturing Hours,2007,4,101.52
Weekly Manufacturing Hours,2007,5,100
Weekly Manufacturing Hours,2007,6,100.68
Weekly Manufacturing Hours,2007,7,100.85
Weekly Manufacturing Hours,2007,8,100.4
Weekly Manufacturing Hours,2007,9,100.8
Weekly Manufacturing Hours,2007,10,100.13
Weekly Manufacturing Hours,2007,11,99.01
Weekly Manufacturing Hours,2007,12,97.81
Weekly Manufacturing Hours,2008,1,98.91
Weekly Manufacturing Hours,2008,2,98.32
Weekly Manufacturing Hours,2008,3,100.24
Weekly Manufacturing Hours,2008,4,99.84
Weekly Manufacturing Hours,2008,5,100.37
Weekly Manufacturing Hours,2008,6,99.56
Weekly Manufacturing Hours,2008,7,99.36
Weekly Manufacturing Hours,2008,8,99.51
Weekly Manufacturing Hours,2008,9,99.17
Weekly Manufacturing Hours,2008,10,98.92
Weekly Manufacturing Hours,2008,11,98.44
Weekly Manufacturing Hours,2008,12,96.62
Weekly Manufacturing Hours,2009,1,94.44
Weekly Manufacturing Hours,2009,2,90.65
Weekly Manufacturing Hours,2009,3,90.46
Weekly Manufacturing Hours,2009,4,86.87
Weekly Manufacturing Hours,2009,5,88.35
Weekly Manufacturing Hours,2009,6,86.29
Weekly Manufacturing Hours,2009,7,86.01
Weekly Manufacturing Hours,2009,8,85.55
Weekly Manufacturing Hours,2009,9,84.11
Weekly Manufacturing Hours,2009,10,85.6
Weekly Manufacturing Hours,2009,11,86.22
Weekly Manufacturing Hours,2009,12,86.23
Weekly Manufacturing Hours,2010,1,86.35
Weekly Manufacturing Hours,2010,2,87.3
Weekly Manufacturing Hours,2010,3,85.51
Weekly Manufacturing Hours,2010,4,84.38
Weekly Manufacturing Hours,2010,5,85.84
Weekly Manufacturing Hours,2010,6,86.53
Weekly Manufacturing Hours,2010,7,86.11
Weekly Manufacturing Hours,2010,8,85.48
Weekly Manufacturing Hours,2010,9,85.61
Weekly Manufacturing Hours,2010,10,86.85
Weekly Manufacturing Hours,2010,11,87.68
Weekly Manufacturing Hours,2010,12,87.3
Weekly Manufacturing Hours,2011,1,87.59
Weekly Manufacturing Hours,2011,2,88.61
Weekly Manufacturing Hours,2011,3,89.04
Weekly Manufacturing Hours,2011,4,90.12
Weekly Manufacturing Hours,2011,5,89.7
Weekly Manufacturing Hours,2011,6,89.34
Weekly Manufacturing Hours,2011,7,89.74
Weekly Manufacturing Hours,2011,8,89.76
Weekly Manufacturing Hours,2011,9,89.6
Weekly Manufacturing Hours,2011,10,88.02
Weekly Manufacturing Hours,2011,11,87.7
Weekly Manufacturing Hours,2011,12,87.34
Weekly Manufacturing Hours,2012,1,87.44
Weekly Manufacturing Hours,2012,2,87.98
Weekly Manufacturing Hours,2012,3,87.6
Weekly Manufacturing Hours,2012,4,88.74
Weekly Manufacturing Hours,2012,5,88.37
Weekly Manufacturing Hours,2012,6,87.96
Weekly Manufacturing Hours,2012,7,89.57
Weekly Manufacturing Hours,2012,8,89
Weekly Manufacturing Hours,2012,9,91.22
Weekly Manufacturing Hours,2012,10,92.69
Weekly Manufacturing Hours,2012,11,90.18
Weekly Manufacturing Hours,2012,12,90.77
Weekly Manufacturing Hours,2013,1,87.81
Weekly Manufacturing Hours,2013,2,90.12
Weekly Manufacturing Hours,2013,3,91.79
Weekly Manufacturing Hours,2013,4,91.27
Weekly Manufacturing Hours,2013,5,91.75
Weekly Manufacturing Hours,2013,6,92.71
Weekly Manufacturing Hours,2013,7,90.97
Weekly Manufacturing Hours,2013,8,92.41
Weekly Manufacturing Hours,2013,9,92.31
Weekly Manufacturing Hours,2013,10,93.53
Weekly Manufacturing Hours,2013,11,94.19
Weekly Manufacturing Hours,2013,12,97.58
Weekly Manufacturing Hours,2014,1,95.47
Weekly Manufacturing Hours,2014,2,94.78
Weekly Manufacturing Hours,2014,3,96.04
Weekly Manufacturing Hours,2014,4,94.89
Weekly Manufacturing Hours,2014,5,96.36
Weekly Manufacturing Hours,2014,6,97.34
Weekly Manufacturing Hours,2014,7,97.14
Weekly Manufacturing Hours,2014,8,97.83
Weekly Manufacturing Hours,2014,9,96.84
Weekly Manufacturing Hours,2014,10,95.52
Weekly Manufacturing Hours,2014,11,96.38
Weekly Manufacturing Hours,2014,12,97.9
Weekly Manufacturing Hours,2015,1,98.38
Weekly Manufacturing Hours,2015,2,99.67
Weekly Manufacturing Hours,2015,3,98.49
Weekly Manufacturing Hours,2015,4,98.67
Weekly Manufacturing Hours,2015,5,101.94
Weekly Manufacturing Hours,2015,6,98.65
Weekly Manufacturing Hours,2015,7,98.5
Weekly Manufacturing Hours,2015,8,101.95
Weekly Manufacturing Hours,2015,9,95.64
Weekly Manufacturing Hours,2015,10,100.37
Weekly Manufacturing Hours,2015,11,99.91
Weekly Manufacturing Hours,2015,12,99.08
Weekly Manufacturing Hours,2016,1,101.95
Weekly Manufacturing Hours,2016,2,95.95
Weekly Manufacturing Hours,2016,3,98.31
Weekly Manufacturing Hours,2016,4,100.96
Weekly Manufacturing Hours,2016,5,98.5
Weekly Manufacturing Hours,2016,6,100.56
Weekly Manufacturing Hours,2016,7,100.6
Weekly Manufacturing Hours,2016,8,100.19
Weekly Manufacturing Hours,2016,9,99.72
Weekly Manufacturing Hours,2016,10,101.41
Weekly Manufacturing Hours,2016,11,99.53
Weekly Manufacturing Hours,2016,12,98.2
Weekly Manufacturing Hours,2017,1,99.41
Weekly Manufacturing Hours,2017,2,98.94
Weekly Manufacturing Hours,2017,3,101.32
Weekly Manufacturing Hours,2017,4,96.93
Weekly Manufacturing Hours,2017,5,96.03
Weekly Manufacturing Hours,2017,6,95.32
Weekly Manufacturing Hours,2017,7,96.66
Weekly Manufacturing Hours,2017,8,94.63
Weekly Manufacturing Hours,2017,9,96.54
Weekly Manufacturing Hours,2017,10,94.75
Weekly Manufacturing Hours,2017,11,95.21
Weekly Manufacturing Hours,2017,12,95.87
Weekly Manufacturing Hours,2018,1,93.64
Weekly Manufacturing Hours,2018,2,94.22
Weekly Manufacturing Hours,2018,3,95.23
Weekly Manufacturing Hours,2018,4,94.76
Weekly Manufacturing Hours,2018,5,96.15
